{"cameraMode":{"drawMode":0,"name":"Shaded","section":"Shading Mode"},"sceneLighting":true,"audioPlay":false,"sceneViewState":{"showFog":true,"showMaterialUpdate":false,"showSkybox":true,"showFlares":true,"showImageEffects":true,"showParticleSystems":true},"in2DMode":false,"pivot":{"x":-5.260874271392822,"y":-0.06458880007266998,"z":8.50819206237793},"rotation":{"x":-0.332152396440506,"y":0.6170660853385925,"z":-0.3219732344150543,"w":-0.63660728931427},"size":8.802030563354493,"orthographic":false}